<?xml version="1.0" encoding="UTF-8"?>
<project-private xmlns="http://www.netbeans.org/ns/project-private/1">
    <editor-bookmarks xmlns="http://www.netbeans.org/ns/editor-bookmarks/2" lastBookmarkId="0"/>
    <open-files xmlns="http://www.netbeans.org/ns/projectui-open-files/2">
        <group>
            <file>file:/C:/Users/Foob/Documents/GitHub/CNTT_TH02862/Java1/Lab/lab5/SD1803_TH02862_namthth_lab5/src/sd1803_th02862_namthth_lab5/Bai2.java</file>
            <file>file:/C:/Users/Foob/Documents/GitHub/CNTT_TH02862/Java1/Lab/lab5/SD1803_TH02862_namthth_lab5/src/sd1803_th02862_namthth_lab5/Bai1.java</file>
            <file>file:/C:/Users/Foob/Documents/GitHub/CNTT_TH02862/Java1/Lab/lab5/SD1803_TH02862_namthth_lab5/src/sd1803_th02862_namthth_lab5/MenuSp.java</file>
            <file>file:/C:/Users/Foob/Documents/GitHub/CNTT_TH02862/Java1/Lab/lab5/SD1803_TH02862_namthth_lab5/src/sd1803_th02862_namthth_lab5/Menu.java</file>
        </group>
    </open-files>
</project-private>
