<?xml version="1.0" encoding="UTF-8"?>
<project-private xmlns="http://www.netbeans.org/ns/project-private/1">
    <editor-bookmarks xmlns="http://www.netbeans.org/ns/editor-bookmarks/2" lastBookmarkId="0"/>
    <open-files xmlns="http://www.netbeans.org/ns/projectui-open-files/2">
        <group>
            <file>file:/C:/Users/Admin/Documents/GitHub/CNTT_TH02862/MOB1023/lt/Thi3/src/thi3/SinhVien.java</file>
            <file>file:/C:/Users/Admin/Documents/GitHub/CNTT_TH02862/MOB1023/lt/Thi3/src/thi3/SInhVienView.java</file>
            <file>file:/C:/Users/Admin/Documents/GitHub/CNTT_TH02862/MOB1023/lt/Thi3/src/thi3/SinhVienService.java</file>
            <file>file:/C:/Users/Admin/Documents/GitHub/CNTT_TH02862/MOB1023/lt/Thi3/src/thi3/Thi3.java</file>
        </group>
    </open-files>
</project-private>
